UserName,UserId
Kame Kame,100027387053296
¿cÁr¶²,100009905282799
¶Àªa»D,100007876661057
ªL­³¨},100004733228993
ÄY®L,100004058599124
·¨¦t±¶,yujie.yang.35
®}¥ú©ú,btktttttt
§õ³Õ´­,100002451830450
Reeve Wong,100001869425479
³¯«Ø¾±,Shuffle.SimGi
·¨´¸¦w,yca0724ss
Bienfong Huang,bienfong
Aru Vonc,aruvonc.cvon
Chao-Ling Lin,chaoling.lin.1
Sha YI,sha.yi.712
­JñZ©Ó,100003938431569
·¨¦t±¶,yujie.yang.35
Jiaying Lee,jiaying.lee.9
§d»ô¹A,da00oha
¾H±©­õ,Roger8789
ÁÂÌÉ¯§,100011480676544
§d«a¾ì,100005131261567
­J®x¿«,100004123604315
²øµúµ¾,100003340784847
·¨µú®¦,100002465223447
³¯¤S±j,100001991424288
Baka Jayson,baka.jayson
¤p§¯,100000329815661
±i°ZµØ,100000296018217
Áé©û³®,100000278654304
Rueng Yian D,rueng.d
±i°ò·ç,100000251271568
³\ªY©g,100000145951049
Stanley Chiu,stanley.chiou1
Tze Fung Chan,marcochan3
Hono Hung,honomomo
¾H±©­õ,Roger8789
ÁÂÌÉ¯§,100011480676544
Katrina Tsay,100011197539575
±i°ê¥Á,3yearshavemanygoodforme
ªL­³§D,melody.lin.7127
ªL¶®¸©,ro.ze.7771
§õ³Õ´­,100002451830450
ªL§±ÐÌ,100002017787844
³¯¨|»Ê,100001913515244
ªôµ¾,kevin.qiu.18
¦ó¿¶,100001342655879
±iµú´¸,100001185414188
ªLÀRº¬,100000919327320
¤ýÅDµ¤,100000893002004
§õ«a¿Î,100000747602879
Harrison Yeh,100000271028275
Ian Lee,ian.lee.7587
Hono Hung,honomomo
Chee Kian Wong,cheekian.wong.16
¾H±©­õ,Roger8789
Yao Cherry,100014550493991
Thor Odin,100012545898713
Katrina Tsay,100011197539575
Shi Yulin,100010886658092
§d©Ó¿A,100010021504748
§f¥¬,100009928176950
ªô«Ø»Ê,100009108867011
¥ì©`,100008764924533
¶ÀµE²E,phoebe0806
¨LªÝ·ç,100007714808024
¹ù¶®¼z,100006382655603
­§´¼,100005082394396
³¯¬èºÖ,hamataemura
Ray Wong,WKHRay001
·¨¦t±¶,yujie.yang.35
Yi Ting Wang,hiyoko90201
Kinsing Yiu,kinsing.yiu
®}Þ³§Í,100003044777258
ªô¨|¼w,willschiu
ªLÏÉ§¡,100002244014837
¬_»Ê°a,100002222107572
°ª­§´@,100002185089505
ªL¬R§D,zxcv830205
³¢§e¦t,derektaor
¦ó¿¶,100001342655879
³¯à±²O,yulin429
Yunxuan Lin,crazypartytime
µ£¦P¾Ç,jianhaot1
¤ýÚ¬¥Á,100001031085823
¼Bà±¤ª,liu.yun.351
§º¥¿¤å,jengwen.sung
ªLÀRº¬,100000919327320
ªLªÚ¥à,100000807190146
§õ«a¿Î,100000747602879
Wong Jefferson,sticktoitjfs
ªL¹t¼à,100000400333125
¤p§¯,100000329815661
Monica Yah,monica.yah
Rueng Yian D,rueng.d
Hong En Liao,hongen.liao
¾Gø¯,kkikk156
³¯«ÉÂÈ,100000046685400
Jasmine Lin,jasmine.y.c.lin
±i§Ê¥É,1594781181
Karen Cheng,koala0721
Wei Cheers,1306817349
¶À­ZÛu,100021132617088
¾H±©­õ,Roger8789
¾G¤è¨·,100011794650675
¦Ì°ß.,miwei.06
¿cÁr¶²,100009905282799
³¯«äÀM,100009140028994
¾G¦t¶£,100008395716514
§õªÛªå,100007909593782
½²©k¦¼,shan.thou.20
³¯»yÔÐ,100007065253816
Bruce Liao,100006748685167
¬êêM²m,100006559450231
³¯¾å«ä,100006377531282
§d¨q¤l,100006333819342
¸­·¶®x,100005919661255
·¨µÏ¦|,100004904433885
¶À«ºÞ³,100004553382951
ÄY®L,100004058599124
ªL­³§D,melody.lin.7127
ÁÂµØ«Ø,leon.thank
§õÄå,charmingtara.lee
µ{¤l¦ö,100003554300084
Pei Shan Wu,tiyu.little
¸â­§µX,100003286378247
½²¸Û°V,100003241522870
³¢ªÃ©Ó,guo.bing.12
§õÌÉ¼ä,red.rider.750
Danielle Zhang,100002934357888
Hui Chi Tzu,tzuhuichi
ªL¶®¸©,ro.ze.7771
Sns Asoon,sns.asoon
Adam Huang,AdamHJW
ªô¨|¼w,willschiu
Â²«~²[,100002599093907
§õªÛ½Ë,zufa.yu
³¢­³²E,nan.youren
¬_»Ê°a,100002222107572
ªLÑm·ç,100002123026589
¤è±s­Û,100002077791571
ªL§±ÐÌ,100002017787844
Chin-Yu Lin,100001967757402
ªQÇf ÇeÇK,100001895217016
Jones Chio,chio.sengkuai
Wei Min,xuan.bei.37
§d´@¿Ý,100001509176987
¦ó¿¶,100001342655879
³¯®¦§D,enling.chen
·¨Øg¤©,100001102984396
Shu Yu Tseng,shuyu.tseng.5
µ£¦P¾Ç,jianhaot1
¼Bà±¤ª,liu.yun.351
±­Ä¶¤É,100000979228955
ªLÀRº¬,100000919327320
Ä¬Ä¬¹t¶²,100000749138671
³¯«³¨},100000586830873
Allen Hui,Allen.chauhui
¿c¬ý¦p,100000547099649
²ø±Ò¦ö,100000500313275
¶ÀµÎ¯\,100000437330116
³¯«º»T,io2359
ªL®x,100000356690737
´ö¤h½Î,tang261786
¤p§¯,100000329815661
u Y Lai,100000328917432
ªéªå,100000302243812
Áé¦t®f,hahahahaly
ªL¼z±Ó,huimin.0519
³\¤O¤Z,100000285507946
Rueng Yian D,rueng.d
An-Hung Yen,andyyen100
½²©Ó®¦,cai.en.14
Lay Mia,miagirl1122
Putien Chen,putien.chen
¿à«ØÀM,jianlin.lai.52
¸â²[²[,100000214803733
¶À­§´@,100000199623513
Ian Lee,ian.lee.7587
³¯«ÉÂÈ,100000046685400
Kazuko Wing,kazuko.wing
¶ÀªÃ§¡,b.jay.7
Justin Tan,tyc.justin
Ken Lee,kenfeizai
Hono Hung,honomomo
